1. أدوات الاستفهام (Die Fragewörter),,,,
الفئة (Kategorie),أداة الاستفهام (Fragewort),المعنى (Bedeutung),مثال (Beispiel),الترجمة (Übersetzung)
Personen (الأشخاص),Wer,Who (من للعاقل),Wer ist das? - Das ist Ali.,من هذا؟ - هذا علي.
Sachen / Dinge (الأشياء),Was,What (ماذا / ما),Was ist das? - Das ist ein Buch.,ما هذا؟ - هذا كتاب.
Ort (المكان),Wo,Where (أين),Wo wohnst du? - In Kairo / zu Hause.,أين تسكن؟ - في القاهرة / في المنزل.
Herkunft (المنشأ),Woher,From where (من أين),Woher kommst du? - Aus Deutschland.,من أين أنت؟ - من ألمانيا.
Alter (العمر),Wie alt,How old (كم عمر),Wie alt bist du? - Ich bin 11 Jahre alt.,كم عمرك؟ - عمري 11 سنة.
Zeit (الزمن),Wann / Um wie viel Uhr,When / At what time (متى / في أي ساعة),Wann hast du Deutsch? - Am Montag / Um 7 Uhr.,متى لديك ألمانية؟ - يوم الاثنين / في الساعة 7.
Eigenschaft / Art (الوصف),Wie,How (كيف),Wie ist dein Vater? - Er ist nett und streng.,كيف حال والدك؟ - إنه لطيف وصارم.
Dauer (المدة الزمنية),Wie lange,How long (كم المدة),Wie lange lernst du Deutsch? - Einen Monat.,كم المدة التي تتعلم فيها الألمانية؟ - شهراً واحداً.
Anzahl (العدد),Wieviele,How many (كم عدد),Wieviele Bücher hast du? - Vier Bücher.,كم كتاباً لديك؟ - أربعة كتب.
