4. حالة المفعول به (Akkusativ) وأدوات الملكية (Possessivartikel),,,,
في حالة المفعول به (Akkusativ) تتغير أدوات المذكر فقط (der ← den / ein ← einen / mein ← meinen)، بينما تبقى بقية الأدوات (المحايد والمؤنث والجمع) كما هي.,,,,
الضمير (Pronomen),Maskulin - المذكر (der),Neutrum - المحايد (das),Feminin - المؤنث (die),Plural - الجمع (die)
ich (أنا),mein / meinen,mein,meine,meine
du (أنت),dein / deinen,dein,deine,deine
er / es (هو / محايد),sein / seinen,sein,seine,seine
sie (هي),ihr / ihren,ihr,ihre,ihre
wir (نحن),unser / unseren,unser,unsere,unsere
ihr (أنتم),euer / euren,euer,eure,eure
sie / Sie (هم / حضرتك),ihr/Ihr / ihren/Ihren,ihr/Ihr,ihre/Ihre,ihre/Ihre
