5. الرياضة والأنشطة والأدوات (Sportarten & Ausrüstung),,,,,
الرياضة/النشاط (Sportart),الفعل (Verb),معنى الفعل,الأداة/الشيء (Ausrüstung),ترجمة الأداة,الأداة النحوية (Artikel)
Fußball (كرة القدم),spielen,يلعب,der Ball,الكرة,Maskulin (der)
Tennis (التنس),spielen,يلعب,der Tennisschläger,مضرب التنس,Maskulin (der)
Schwimmen (السباحة),schwimmen,يسبح,der Badeanzug / die Badehose,ملابس السباحة / سروال السباحة,Maskulin / Feminin
Surfen (ركوب الأمواج),surfen,يركب الأمواج,das Surfbrett,لوح ركوب الأمواج,Neutrum (das)
Rad fahren (ركوب الدراجات),fahren,يقود / يركب,das Fahrrad,الدراجة الهوائية,Neutrum (das)
Reiten (ركوب الخيل),reiten,يمتطي / يركب الخيل,das Pferd,الحصان,Neutrum (das)
Ski fahren (التزلج على الجليد),fahren,يقود / يركب,die Skier / die Skischuhe,زلاجات التزلج / أحذية التزلج,Plural (die)
Inlineskaten (التزلج بالحذاء),inlineskaten,يتزلج بالحذاء ذي العجلات,die Inlineskates,زلاجات التزلج بالعجلات,Plural (die)
Joggen (الركض / الجري),joggen,يركض / يجري,der Jogginganzug,ملابس الجري / الرياضة,Maskulin (der)
